{
  "input": "w:\\git\\hdr_cal\\data\\sunny_rose_garden_4k_clamped.exr",
  "is_hdr_like_input": true,
  "working_resolution": [
    256,
    512
  ],
  "wb_scale": [
    1.0,
    1.0,
    1.0
  ],
  "global_meter_before": {
    "mean": 0.6589543223381042,
    "p90": 1.1563060283660889,
    "p99": 2.059868097305298
  },
  "bright_lobe": {
    "center_uv": [
      0.6002942005347512,
      0.2288850702040011
    ],
    "theta_deg": 41.199312636720194,
    "phi_deg": 36.10591219251043,
    "mean_ang_deg": 1.9984973428898638,
    "p90_ang_deg": 3.4828889082738064,
    "peak_luminance": 10.0,
    "region_mean_luminance": 4.832615852355957,
    "mask_pixel_count": 126
  },
  "global_scale": 2.1153393276375447,
  "gray_ball_before_global": {
    "mean": 0.08509273082017899,
    "median": 0.08350247144699097,
    "p95": 0.13547943532466888,
    "max": 0.1418958455324173
  },
  "gray_ball_after_global": {
    "mean": 0.17999997735023499,
    "median": 0.17663607001304626,
    "p95": 0.2865850031375885,
    "max": 0.3001578450202942
  },
  "sun_gain": 68.71947673600003,
  "gray_ball_after_sun": {
    "mean": 0.3572695553302765,
    "median": 0.3269805908203125,
    "p95": 0.748295247554779,
    "max": 0.7944889664649963
  },
  "gray_ball_after_sun_peak_ratio": 2.094483664758449,
  "solve_mode": "iterative_peak_ratio",
  "notes": [
    "Outdoor MVP heuristic.",
    "Global scale is solved from mean Lambertian gray-ball response.",
    "Sun gain is solved separately from brightest lobe only.",
    "If sun is cloud-covered, the detected lobe may be broader than a sun disk.",
    "This is intended as practical IBL calibration, not exact sensor recovery."
  ]
}