{
  "input": "input.exr",
  "is_hdr_like_input": true,
  "working_resolution": [
    256,
    512
  ],
  "white_balance": {
    "wb_scale": [
      1.0,
      1.0,
      1.0
    ],
    "kelvin": null,
    "rgb_scale_arg": null,
    "wb_swatch": null
  },
  "metering": {
    "mode": "bottom_dome",
    "stat": "median",
    "pixel_count": 65536,
    "weighted_mean": 0.17695876955986023,
    "meter_value": 0.18411126732826233
  },
  "meter_target": 0.18,
  "exposure_scale": 0.9776696592885208,
  "hot_lobe": {
    "sun_threshold": 0.1,
    "sun_upper_only": true,
    "sun_blur_px": 0,
    "center_uv": [
      0.6000117080514863,
      0.22838756450491
    ],
    "theta_deg": 41.109761610883794,
    "phi_deg": 36.004214898535054,
    "hottest": 9.77669620513916,
    "low": 8.799026584625244,
    "high": 9.77669620513916,
    "mask_pixel_count_soft": 16,
    "mask_pixel_count_strong": 14
  },
  "sphere": {
    "albedo": 0.18,
    "sphere_res": 96,
    "sphere_solve": "direct_highlight",
    "direct_highlight_target": 0.32,
    "target_peak_ratio": 2.5,
    "gray_ball_before_solve": {
      "mean": 0.08319257199764252,
      "median": 0.08163779973983765,
      "p95": 0.13245344161987305,
      "max": 0.1387273073196411
    },
    "sun_gain": 241.12672793876038,
    "gray_ball_after_solve": {
      "mean": 0.15014496445655823,
      "median": 0.13814783096313477,
      "p95": 0.30717724561691284,
      "max": 0.32583627104759216
    },
    "gray_ball_after_solve_peak_ratio": 2.0458711134850556
  },
  "notes": [
    "Exposure is solved first from the chosen metering mode.",
    "Hot lobe is then keyed from hottest pixel using sun-threshold in 0..1.",
    "Final sun gain is solved on cached Lambertian gray-ball renders.",
    "This is a practical outdoor IBL calibration heuristic, not exact radiometric recovery."
  ]
}