{
  "input": "w:\\git\\hdr_cal\\input_chart_red.exr",
  "args": {
    "input": "w:\\git\\hdr_cal\\input_chart_red.exr",
    "out": "out_chart_red.exr",
    "debug_dir": "debug_hdri",
    "res": "full",
    "kelvin": null,
    "rgb_scale": null,
    "wb_swatch": null,
    "dome_wb": null,
    "sphere_wb": true,
    "metering_mode": "bottom_dome",
    "meter_stat": "median",
    "meter_target": 0.18,
    "swatch": null,
    "swatch_size": 5,
    "sun_threshold": 0.1,
    "sun_upper_only": false,
    "sun_blur_px": 0,
    "center_hdri": true,
    "center_elevation": false,
    "albedo": 0.18,
    "sphere_res": 96,
    "sphere_solve": "energy_conservation",
    "lobe_neutralise": 1.0,
    "direct_highlight_target": 0.32,
    "target_peak_ratio": 2.5,
    "ref_sphere": null,
    "ref_sphere_cx": null,
    "ref_sphere_cy": null,
    "ref_sphere_r": null,
    "ref_sphere_albedo": 0.18,
    "colorchecker": null,
    "colorchecker_in_hdri": true,
    "cc_fov": 70.0,
    "cc_tile_w": 900,
    "cc_tile_h": 675,
    "cc_yaw_step": 40.0,
    "cc_pitches": [
      -45.0,
      -20.0,
      0.0,
      20.0,
      45.0
    ]
  },
  "is_hdr_input": true,
  "working_resolution": [
    2048,
    4096
  ],
  "orientation_energy_ratio": 3.609455624724469,
  "white_balance": {
    "source": "colorchecker_patch19",
    "wb_scale": [
      0.6795814037322998,
      1.0,
      1.9130916595458984
    ],
    "dome_wb_mode": null,
    "sphere_wb": false,
    "wb_info": {},
    "sphere_cross_check": {
      "sphere_implied_scale": [
        0.7693732380867004,
        0.9934598207473755,
        1.7438886165618896
      ],
      "chart_scale": [
        0.6795814037322998,
        1.0,
        1.9130916595458984
      ],
      "max_channel_diff": 0.1692030429840088,
      "status": "LARGE_DISAGREEMENT"
    },
    "sphere_check": {
      "mean_rgb": [
        0.07623020559549332,
        0.08687055110931396,
        0.09467601776123047
      ],
      "chroma_rg": -0.010640345513820648,
      "chroma_bg": 0.007805466651916504
    }
  },
  "metering": {
    "mode": "bottom_dome",
    "stat": "median",
    "meter_value": 0.17823727428913116,
    "pixel_count": 4194304,
    "weighted_mean": 0.1767684817314148
  },
  "exposure_scale": 1.009889770351904,
  "hot_lobe": {
    "center_dir": [
      0.532296895980835,
      0.752814531326294,
      0.38720837235450745
    ],
    "center_uv": [
      0.6000923372731444,
      0.22869571049980705
    ],
    "theta_deg": 41.16522788996527,
    "phi_deg": 36.03324141833196,
    "hottest": 10.10720157623291,
    "low": 9.096481418609619,
    "high": 10.10720157623291,
    "mask_pixel_count_soft": 1264,
    "mask_pixel_count_strong": 1206
  },
  "hdri_centering": {
    "col_shift_px": 3686,
    "row_shift_px": 0,
    "original_phi_deg": 36.03324141833196,
    "original_theta_deg": 41.16522788996527,
    "center_elevation": false,
    "applied": true
  },
  "sphere": {
    "albedo": 0.18,
    "sphere_res": 96,
    "sphere_solve": "energy_conservation",
    "gray_ball_pre_solve": {
      "mean": 0.07503501325845718,
      "median": 0.06951070576906204,
      "p95": 0.12683697044849396,
      "max": 0.14332249760627747
    },
    "sun_gain_mean": 200.0,
    "sun_gains_per_channel": [
      200.0,
      200.0,
      200.0
    ],
    "gray_ball_post_solve": {
      "mean": 0.12054771184921265,
      "median": 0.07242181152105331,
      "p95": 0.2990495264530182,
      "max": 0.35659244656562805
    },
    "peak_ratio": 2.4807565557700912,
    "verify_pre_wb_mean_rgb": [
      0.06771141290664673,
      0.07653011381626129,
      0.0817907303571701
    ],
    "verify_final_mean_rgb": [
      0.11323828995227814,
      0.12203987687826157,
      0.1272914558649063
    ],
    "verify_final_neutral": true
  },
  "ref_sphere_calibration": {
    "applied": false
  },
  "colorchecker": {
    "applied": true,
    "source": "__hdri__",
    "wb_from_neutral5_grey": true,
    "wb_scale": [
      0.6795814037322998,
      1.0,
      1.9130916595458984
    ],
    "patch_diagnostics": {
      "patch_index": 21,
      "patch_name": "Neutral 5 (~18% grey)",
      "measured_linear_rgb": [
        0.28075745701789856,
        0.19079753756523132,
        0.09973256289958954
      ],
      "reference_linear_rgb": [
        0.02954654023051262,
        0.02954654023051262,
        0.02954654023051262
      ],
      "measured_luma": 0.20334811508655548,
      "reference_luma": 0.02954653836786747,
      "exposure_ratio": 6.88229912265124,
      "chroma_rg": 0.4423936605453491,
      "chroma_bg": -0.4478279948234558,
      "chroma_error": 0.6294934978522898,
      "confidence": 0.0
    },
    "pose": {
      "checker_normal_theta_deg": 92.07553100585938,
      "checker_normal_phi_deg": 27.788667678833008,
      "checker_normal_world": [
        0.4659058451652527,
        -0.036216989159584045,
        0.8840928077697754
      ],
      "refinement_pass": false
    },
    "detection_confidence": 0.6445001661777496,
    "tiles_searched": 45,
    "detection": {
      "found": true,
      "tiles_searched": 45,
      "refinement_pass": false,
      "best_tile_yaw_deg": 240.0,
      "best_tile_pitch_deg": 45.0,
      "confidence": 0.6445001661777496,
      "checker_normal_world": [
        0.4659058451652527,
        -0.036216989159584045,
        0.8840928077697754
      ],
      "checker_normal_theta_deg": 92.07553100585938,
      "checker_normal_phi_deg": 27.788667678833008,
      "swatch_centres_uv": [
        [
          0.11660581827163696,
          0.8296287059783936
        ],
        [
          0.12949061393737793,
          0.8410296440124512
        ],
        [
          0.14402325451374054,
          0.8513854742050171
        ],
        [
          0.16025084257125854,
          0.8604434728622437
        ],
        [
          0.17809204757213593,
          0.867964506149292
        ],
        [
          0.19729065895080566,
          0.8737488985061646
        ],
        [
          0.1442621499300003,
          0.8095220923423767
        ],
        [
          0.1575581282377243,
          0.8192055821418762
        ],
        [
          0.17197278141975403,
          0.827715277671814
        ],
        [
          0.18738870322704315,
          0.8348744511604309
        ],
        [
          0.20359838008880615,
          0.8405479788780212
        ],
        [
          0.2203086018562317,
          0.8446581363677979
        ],
        [
          0.16777020692825317,
          0.7845922708511353
        ],
        [
          0.18060758709907532,
          0.7926902174949646
        ],
        [
          0.19409507513046265,
          0.7996430397033691
        ],
        [
          0.2080771028995514,
          0.8053491115570068
        ],
        [
          0.22235676646232605,
          0.809751570224762
        ],
        [
          0.23670990765094757,
          0.8128437399864197
        ],
        [
          0.18719720840454102,
          0.7563879489898682
        ],
        [
          0.19914484024047852,
          0.7631937861442566
        ],
        [
          0.21141667664051056,
          0.7689791321754456
        ],
        [
          0.22387589514255524,
          0.7736941576004028
        ],
        [
          0.23637233674526215,
          0.7773263454437256
        ],
        [
          0.24875345826148987,
          0.7798991799354553
        ]
      ]
    },
    "note": "WB derived from CC24 patch #22 (Neutral 5, ~18% grey). No 3\u00d73 matrix."
  },